gene_id	mean_control	median_control	mean_treatment	median_treatment	log2_fold_change	p_value
gene-b0002	7020.483245	7068.545506	5668.507495	5726.030108	-0.3086009228	6.795615128e-08
gene-b0008	2883.74825	2857.458113	2398.171135	2359.468046	-0.2660095962	0.001227183034
gene-b0026	7032.62553	6978.454268	5731.702236	5775.211935	-0.2950992708	6.795615128e-08
gene-b0032	3606.502552	3635.85115	2834.733026	2871.535483	-0.3473864865	9.12664663e-07
gene-b0048	1356.631991	1346.877256	1234.319765	1204.651236	-0.1363121747	0.2286943542
gene-b0077	5307.552689	5268.76378	4223.914001	4291.163787	-0.329465629	6.795615128e-08
gene-b0086	4180.833065	4141.601748	3383.188128	3385.361123	-0.3054062233	5.165778824e-06
gene-b0089	3782.029553	3987.670928	2952.733655	2947.388389	-0.3571083381	9.12664663e-07
gene-b0090	3325.83249	3271.536141	2664.391071	2723.183662	-0.3199085778	1.047274167e-06
gene-b4840	1291.109038	1287.527927	1162.217316	1156.440868	-0.1517297518	0.1988344902
gene-b0097	1630.171705	1517.422979	1396.251564	1388.726606	-0.223463552	0.04679161535
gene-b0104	3239.723744	3223.802839	2599.321803	2617.86809	-0.3177344464	5.165778824e-06
gene-b0127	2852.714606	2833.35222	2266.703086	2279.591579	-0.3317386894	6.67365143e-06
gene-b0133	2714.701562	2600.264199	2079.564415	2031.075394	-0.3845106086	4.165760351e-05
gene-b0144	2801.874416	2813.032633	2222.670951	2197.900699	-0.3340965672	8.292416774e-05
gene-b0151	2368.461087	2318.503585	1934.20102	1945.850668	-0.2922108604	2.924864933e-05
gene-b0156	1100.327934	1020.783719	806.9969605	830.9716261	-0.4472936483	0.001625257546
gene-b0189	704.8360951	612.6900168	163.9118793	133.456715	-2.104299846	2.21776433e-07
gene-b0204	4.24037606	3.275935052	1.697759304	0	-1.31548584	0.01095794771
gene-b0215	2152.801426	2112.973239	1693.878709	1680.320061	-0.3458828621	0.0004155021525
gene-b4586	1441.98502	1427.461492	1229.417465	1195.632064	-0.2300795626	0.03851496043
gene-b0227	2386.34607	2414.234915	1864.937711	1925.936798	-0.3556741437	0.0001443825593
gene-b0246	996.1531861	1021.887244	800.1641662	753.9336544	-0.3160680446	0.06389223493
gene-b0250	1462.607359	1384.76186	1173.794034	1191.345749	-0.3173608183	0.02944088441
gene-b0272	2290.303258	2267.746086	1941.228309	1884.097012	-0.2385677006	0.001227183034
gene-b0288	1010.283366	1007.027123	806.020284	748.6010373	-0.3258683298	0.04388038446
gene-b0321	4305.946332	4320.68426	3366.075372	3267.388998	-0.3552619213	5.165778824e-06
gene-b0325	3167.140961	3159.801413	18324.53683	18477.55923	2.532519981	6.795615128e-08
gene-b0346	2715.062715	2679.479931	660.5008437	665.1653221	-2.039336685	6.795615128e-08
gene-b0366	2473.585071	2559.156514	1894.858042	1900.544664	-0.3845119667	0.0006868221882
gene-b0419	3055.253998	3046.249228	2445.948376	2419.517578	-0.3208971921	2.59598404e-05
gene-b0465	7101.305776	7093.968128	5803.790183	5768.867554	-0.2910885108	7.898033667e-08
gene-b0473	5895.663459	5923.557764	1163.928082	1148.262864	-2.340642308	6.795615128e-08
gene-b0482	2464.778015	2471.796699	508.5688878	481.8932625	-2.276920093	6.795615128e-08
gene-b0494	1983.290122	1912.123893	1555.418445	1473.976231	-0.3505909821	0.001348582436
gene-b0511	4477.639233	4420.83842	3641.227812	3666.886189	-0.2983125486	2.562945863e-07
gene-b0543	863.2802724	806.3477079	822.2051633	775.8639705	-0.0703297539	0.5427717015
gene-b0558	1283.306033	1200.980705	882.6924119	900.0422686	-0.539877452	0.0002470613013
gene-b0581	3517.239062	3523.627987	475.4435782	476.1426622	-2.887071105	6.795615128e-08
gene-b0590	3057.817312	3096.302311	2423.676869	2389.118048	-0.3353036135	6.67365143e-06
gene-b0594	4967.314362	4967.712832	4030.061071	3934.667396	-0.3016636754	3.938805473e-07
gene-b0596	2354.190074	2289.440749	1734.16317	1720.821529	-0.4409889647	4.54007964e-06
gene-b0607	1309.574336	1294.551254	4386.867561	4089.367343	1.74408547	6.795615128e-08
gene-b0614	1772.355917	1811.842895	8441.421083	8553.162262	2.251811112	6.795615128e-08
gene-b0622	1733.336558	1680.400028	1308.864149	1299.749181	-0.4052337435	0.0007578810699
gene-b0624	1159.62788	1056.96476	958.583167	882.0962569	-0.2746838047	0.07204543047
gene-b0654	2286.072536	2256.732801	1815.106599	1779.433534	-0.3328152646	0.0002745107843
gene-b0659	1471.216286	1531.142077	1167.389886	1315.699006	-0.3337203282	0.01793861287
gene-b0660	3184.571599	3111.427608	2562.271655	2518.598315	-0.3136747684	8.597444818e-06
gene-b0678	2515.381785	2465.117923	1867.452668	1827.76967	-0.4297037217	7.57738106e-06
gene-b0695	7244.218181	7208.751209	5746.903095	5788.965026	-0.3340447567	6.795615128e-08
gene-b0697	6271.576684	6251.674727	5128.531171	5118.843712	-0.2902819794	6.795615128e-08
gene-b0699	910.418122	1009.570717	2842.341381	2753.266304	1.64246789	1.200888194e-06
gene-b4514	707.3486024	767.8364312	626.3448735	649.0086468	-0.1754615132	0.4248834737
gene-b0708	4266.042768	4280.121274	3560.954481	3611.12419	-0.2606337652	7.57738106e-06
gene-b0720	3953.158667	3855.930608	3354.860595	3335.95666	-0.2367523916	7.406402732e-05
gene-b0732	7018.999371	7028.423887	5714.614094	5687.248403	-0.2966088284	9.172772712e-08
gene-b0741	1472.090169	1413.774638	1215.077827	1232.400643	-0.2768152475	0.01234474576
gene-b0761	2493.36709	2405.763942	1976.084189	1879.153207	-0.3354493738	0.0005090729181
gene-b0809	2275.267131	2383.757842	1717.959016	1685.753355	-0.4053382598	0.0001037340073
gene-b0822	2302.247343	2214.3519	2189.396926	2160.322235	-0.07250898398	0.4407498836
gene-b0846	1763.134467	1624.130718	6511.949907	6506.415491	1.884941128	6.795615128e-08
gene-b0849	733.0817512	695.7496248	617.1542343	636.8434856	-0.2483393146	0.2732851202
gene-b0853	1636.802095	1654.46552	273.1441559	270.7670444	-2.583101433	6.795615128e-08
gene-b0898	3500.524354	3538.350665	2909.836745	2897.562894	-0.2666319937	9.747975903e-06
gene-b0909	2329.663358	2361.250359	1828.923215	1819.382143	-0.3491252947	6.610446489e-05
gene-b0912	805.536841	712.1216516	598.7951745	583.7950029	-0.427881793	0.04986369021
gene-b0916	3591.647122	3668.750509	3046.748188	3114.666407	-0.2373746277	0.0003749904091
gene-b0929	3466.967447	3398.769412	2681.252438	2630.297118	-0.3707660166	1.376061639e-06
gene-b0935	3503.97674	3457.494631	2786.968133	2782.352557	-0.3302956324	3.415575694e-07
gene-b0962	6293.277692	6326.59288	5113.09584	5129.187944	-0.2996140064	2.562945863e-07
gene-b0965	1206.165159	1136.985604	1054.19869	1047.788595	-0.1942789395	0.2853047159
gene-b0966	1003.576812	977.1148087	777.149489	801.3769774	-0.3688828137	0.06011064176
gene-b0967	3648.862132	3601.72095	2915.23094	2978.107585	-0.3238354707	1.414879701e-05
gene-b0969	851.3201776	808.1086836	6045.364769	5913.899213	2.828041102	6.795615128e-08
gene-b0972	3635.169581	3602.399729	2636.467542	2651.107141	-0.4634149284	1.430853125e-07
gene-b0980	4055.830317	3974.012058	3245.311993	3318.569018	-0.3216392267	1.047274167e-06
gene-b0995	2143.610817	2109.089542	1719.920428	1756.631446	-0.3176995232	0.001480977186
gene-b0998	1804.344751	1848.726778	1534.566333	1499.100117	-0.2336426018	0.03604832666
gene-b1000	2820.213449	2795.673904	2145.4789	2105.175759	-0.3945030357	4.680403239e-05
gene-b1040	2053.482316	1972.493529	1521.468948	1557.427039	-0.4326051761	1.599723525e-05
gene-b1041	1410.499768	1339.317916	1148.411033	1068.999371	-0.2965649986	0.03851496043
gene-b1058	770.1063605	713.6274647	696.42688	648.697816	-0.1450838426	0.4734806278
gene-b1063	1698.61946	1670.989213	1358.185773	1335.817498	-0.3226797293	0.001953348273
gene-b1068	2920.699577	2944.579333	2345.908134	2323.322862	-0.3161662416	0.000199706675
gene-b1083	2869.176619	2847.085242	2328.905774	2345.164877	-0.3009833426	8.292416774e-05
gene-b1092	2900.29192	2896.305462	16654.85339	16176.83572	2.521668524	6.795615128e-08
gene-b1105	1972.738135	1910.396942	1663.635241	1624.256925	-0.2458589531	0.03151710207
gene-b1109	3989.281225	3916.22932	3215.491281	3214.410791	-0.311088782	1.414879701e-05
gene-b1116	3792.889946	3731.233162	841.0678914	837.2105444	-2.172989996	6.795615128e-08
gene-b1120	2387.397739	2358.505386	407.1667015	407.0519279	-2.551718063	6.795615128e-08
gene-b1125	2563.376336	2661.849904	2069.05766	2076.457989	-0.309070105	8.292416774e-05
gene-b1132	2070.727594	2057.127892	1611.394752	1591.56062	-0.3618258306	0.0008357168217
gene-b1142	994.6731585	872.394507	809.5141219	810.0578178	-0.2971629798	0.3648416546
gene-b1155	1205.600869	1112.202613	1062.20243	1049.012441	-0.1826920109	0.2393237034
gene-b1165	941.4813571	921.214745	5025.939396	4919.548672	2.416376389	9.172772712e-08
gene-b1178	1370.825804	1321.542437	1176.962921	1196.179985	-0.219974651	0.1555699326
gene-b1187	2100.717057	2015.804221	1729.038016	1724.005391	-0.2809107942	0.001115947235
gene-b1194	2275.403337	2306.396465	1775.349284	1769.20186	-0.3580176242	3.987358896e-06
gene-b1195	858.1328992	741.4368129	559.4599862	558.6946216	-0.6171571701	0.05651653737
gene-b1203	3425.167425	3458.355722	2794.356528	2780.660314	-0.2936574553	8.597444818e-06
gene-b1209	1826.09341	1782.690299	1569.853171	1561.483943	-0.2181296459	0.01234474576
gene-b1213	1187.6837	1195.318411	1072.662413	1035.898195	-0.1469532666	0.2502967975
gene-b1214	2515.719212	2532.505433	1896.141373	1863.217168	-0.4079025004	1.104471212e-05
gene-b1215	2601.578755	2522.182641	2138.847373	2076.135589	-0.2825526449	0.000460072727
gene-b1220	4279.550898	4262.966036	3402.322765	3321.509218	-0.3309385267	6.795615128e-08
gene-b1223	4253.693293	4118.039157	21243.51689	20979.50691	2.320231995	6.795615128e-08
gene-b4813	715.9159246	674.8947176	561.9852939	536.5130231	-0.349252273	0.09090738325
gene-b1226	2282.619683	2296.751184	1746.35057	1770.195026	-0.3863453645	0.0001159011415
gene-b1242	2010.023032	1964.016444	1557.207338	1563.345967	-0.3682488976	0.000199706675
gene-b1245	2666.438813	2578.518239	2209.435105	2275.327736	-0.2712355462	0.001227183034
gene-b4595	650.6895481	548.8070492	640.0038797	523.0101165	-0.02388835918	0.6167746941
gene-b1251	961.0715405	956.1204872	711.9809282	714.0813991	-0.4327999788	0.002139261396
gene-b1262	4289.05234	4195.234007	3418.77836	3431.476957	-0.3271771697	1.376061639e-06
gene-b1296	4333.965732	4349.042364	3404.271915	3423.599453	-0.3483405607	2.689768689e-06
gene-b1299	1748.110814	1696.239629	9083.6438	9441.748662	2.377467828	6.795615128e-08
gene-b1303	3118.291088	3086.280167	2540.874154	2609.850068	-0.2954296338	1.25051637e-05
gene-b1315	3180.929628	3196.728528	2660.722735	2616.309765	-0.2576293891	4.680403239e-05
gene-b1333	2947.393423	2958.812785	2498.803031	2518.696383	-0.2382015832	0.0005090729181
gene-b4526	844.802716	775.3914001	115.4593525	88.9669173	-2.871121563	1.917711952e-07
gene-b1360	2416.766669	2372.661084	1994.58628	2071.320486	-0.276987397	0.007711805018
gene-b1370	3176.15549	2997.9552	2376.2503	2421.704217	-0.4185932043	1.376061639e-06
gene-b1382	632.0421312	535.5722344	535.4009374	530.83114	-0.239396945	0.4248834737
gene-b1387	6216.144881	6210.144918	5061.55672	4957.192807	-0.2964384351	2.562945863e-07
gene-b1441	3316.507882	3247.058924	2563.358173	2577.521981	-0.371628599	5.873574096e-06
gene-b1451	6496.412853	6452.926246	5073.832788	5017.252113	-0.3565667223	6.795615128e-08
gene-b1466	2178.573435	2106.914684	1638.661311	1636.901247	-0.4108638625	4.680403239e-05
gene-b1490	4203.072146	4191.814331	3366.402764	3368.985426	-0.3202355732	3.938805473e-07
gene-b1491	4159.128489	3983.123504	3148.578798	3129.10942	-0.4015793682	9.172772712e-08
gene-b1494	7219.227701	7249.677911	5602.152821	5599.196258	-0.3658625926	6.795615128e-08
gene-b1534	3741.154549	3640.833882	3021.60632	3034.943657	-0.3081669407	5.226885323e-07
gene-b1545	1281.773961	1228.090386	1017.342533	944.3244554	-0.3333334338	0.003638826225
gene-b1552	661.0580338	642.1794183	564.2146904	540.7655068	-0.2285289549	0.3793319351
gene-b1558	708.7577612	653.9576427	595.0793941	592.768167	-0.2522065777	0.4093558557
gene-b1562	777.9290602	788.5567019	552.8518427	513.0807003	-0.4927381427	0.003336179305
gene-b1571	741.602214	821.2515559	1938.411219	1764.531578	1.386145193	7.57738106e-06
gene-b1595	2661.089949	2721.756665	325.5724531	308.4444251	-3.030927843	6.795615128e-08
gene-b1617	5626.123749	5632.367835	4427.121355	4430.711696	-0.3457716705	6.795615128e-08
gene-b1624	3450.839673	3496.754858	461.4891564	470.2741125	-2.902551712	6.795615128e-08
gene-b1638	1992.014478	2009.510141	1470.701888	1499.35502	-0.4377207246	4.680403239e-05
gene-b1654	990.5689027	945.6802267	869.0216241	840.2783915	-0.1888632172	0.3234817459
gene-b1677	720.004601	728.2351473	568.076924	514.3110179	-0.3419144668	0.06011064176
gene-b1694	4900.600578	4869.195453	3850.711018	3836.094706	-0.3478329043	1.430853125e-07
gene-b1745	4208.451509	4242.919659	3329.594138	3389.571297	-0.3379422591	1.047274167e-06
gene-b1765	1721.304079	1659.157965	5313.232891	5257.669066	1.626082304	6.795615128e-08
gene-b1767	3044.662524	2928.376785	7877.820989	7970.119715	1.371511401	6.795615128e-08
gene-b1770	2253.377985	2351.926833	1846.758346	1874.075047	-0.2870928264	0.00396623864
gene-b1792	924.6345902	886.1525068	830.693319	781.727165	-0.1545656184	0.6750141567
gene-b4751	650.289975	566.1323524	792.227807	824.9832438	0.2848281825	0.1988344902
gene-b1826	555.0652251	461.6277891	485.506978	522.8603826	-0.193161556	0.7763905056
gene-b1827	2505.638058	2532.785982	1910.527859	1801.823955	-0.3912049429	6.610446489e-05
gene-b1833	4032.875155	4060.02022	3212.375423	3161.353858	-0.3281673243	3.415575694e-07
gene-b1839	983.4623516	929.8774706	817.0026442	790.6399348	-0.2675260886	0.09619629625
gene-b1843	2065.079513	1962.630084	1665.309998	1672.240741	-0.3104048946	0.001014098685
gene-b1861	1848.432799	1920.660525	1706.833084	1695.999087	-0.1149799676	0.1404197147
gene-b1865	1283.445874	1256.748818	1006.00165	932.4653287	-0.3513866832	0.007711805018
gene-b4717	686.9085735	655.0665714	802.5137592	772.5319307	0.2244050108	0.1719297054
gene-b1878	1288.852647	1282.502527	946.4204774	924.0458013	-0.4455300876	0.006557192645
gene-b1887	1576.1787	1553.380784	8227.737475	8072.710613	2.384057253	6.795615128e-08
gene-b1892	1100.041326	1074.902231	673.0490626	613.6401768	-0.7087658223	0.003336179305
gene-b1905	1519.115588	1438.56817	1114.058019	1118.661314	-0.4474038253	0.0002745107843
gene-b1945	3291.02806	3373.888631	2458.558286	2416.023469	-0.4207242847	1.657079293e-07
gene-b1952	830.7148692	829.2036011	480.6337577	515.9765916	-0.7894027477	0.004702532763
gene-b1967	2682.631461	2635.197946	2142.005662	2083.584705	-0.3246852205	0.000199706675
gene-b1973	2026.313723	2066.445161	515.2046652	496.7266774	-1.975619111	6.795615128e-08
gene-b4538	1169.463651	1140.707179	887.1247138	820.6587577	-0.3986342539	0.1264306174
gene-b4539	677.8223168	601.3707931	648.264295	687.5513836	-0.06432405232	0.9460839766
gene-b2020	4097.757181	4073.243916	3340.672695	3305.230898	-0.2946950592	1.104471212e-05
gene-b2025	2440.881442	2528.476532	1947.918919	1975.290889	-0.3254670991	0.001625257546
gene-b2028	3653.213414	3671.98005	2834.206952	2926.431049	-0.3662197878	7.947947909e-07
gene-b2032	3329.917193	3321.581661	2772.724086	2783.410174	-0.26418137	8.597444818e-06
gene-b2052	3011.32889	3028.682469	2318.30895	2309.517743	-0.3773260119	4.54007964e-06
gene-b2063	4921.642019	4899.554272	3926.261405	3828.652997	-0.3259827541	6.014797005e-07
gene-b2075	7230.686625	7218.978895	5762.21382	5760.808389	-0.3275089473	6.795615128e-08
gene-b2078	4343.040577	4385.149438	3341.157941	3303.446176	-0.3783562532	6.795615128e-08
gene-b2085	910.2689475	820.7767606	781.8823793	779.3133278	-0.2193386683	0.3507022237
gene-b2122	5624.222955	5598.851812	4599.433866	4645.168814	-0.2901969213	6.795615128e-08
gene-b2149	4756.084784	4903.543581	3833.004161	3788.32177	-0.3112981384	1.200888194e-06
gene-b2150	3094.416913	3099.189202	2397.51847	2356.835352	-0.3681243005	2.689768689e-06
gene-b2161	3675.910055	3653.216209	3001.226877	2918.961027	-0.2925482006	2.689768689e-06
gene-b2167	5133.846832	5188.277284	4105.111821	4126.982187	-0.3226180288	3.415575694e-07
gene-b2168	2888.897655	2963.62928	646.0758881	626.412574	-2.160726219	6.795615128e-08
gene-b2180	5071.477145	5092.396202	3879.852449	3882.641868	-0.3864033539	1.064568984e-07
gene-b2197	1461.878986	1345.104731	1257.326012	1172.234546	-0.2174635093	0.1805773768
gene-b2205	2223.666459	2180.134754	7985.629926	7836.680351	1.844461128	6.795615128e-08
gene-b2211	5060.970762	5008.881548	4085.112624	4050.407913	-0.3090376058	2.21776433e-07
gene-b2229	1959.832873	2027.755425	1715.068604	1731.810132	-0.1924632953	0.04112359406
gene-b2240	4078.78202	4138.783487	3475.160427	3591.018838	-0.2310582139	9.747975903e-06
gene-b2242	3847.988364	3896.336851	3181.668786	3114.315879	-0.2743199935	4.54007964e-06
gene-b2244	2808.450841	2782.875477	2296.902797	2293.915681	-0.2900836019	0.0002745107843
gene-b2247	3859.367397	3858.08315	3007.754174	2978.8852	-0.359676672	2.959753734e-07
gene-b2252	1854.809455	1811.856978	10881.96295	10229.16979	2.552589479	6.795615128e-08
gene-b2265	3944.543499	3989.514414	3111.683912	3086.227627	-0.3421618506	4.54007964e-06
gene-b2273	2206.375484	2194.624548	1878.920772	1897.661134	-0.2317729581	0.01058121144
gene-b2275	2794.877812	2753.725627	2171.234085	2225.991797	-0.3642684549	5.895917218e-05
gene-b2281	1635.906597	1611.41412	9478.524352	9222.224914	2.534564797	6.795615128e-08
gene-b2298	4709.602608	4622.96649	3733.918145	3655.65007	-0.33491423	1.657079293e-07
gene-b2307	2319.457494	2242.134126	7388.096143	7394.916848	1.671410965	6.795615128e-08
gene-b2359	995.1313652	1001.272187	926.8229857	900.8181941	-0.1025920926	0.2502967975
gene-b2375	1896.359818	1815.790221	1567.556067	1509.215517	-0.2747140885	0.006040329508
gene-b2382	2694.524377	2593.445251	2098.863663	2101.974677	-0.3604206634	5.873574096e-06
gene-b2413	2245.305924	2281.080472	1931.953619	1951.657954	-0.2168505247	0.001625257546
gene-b2468	6175.372108	6154.432232	4880.900017	4866.705709	-0.3393782526	9.172772712e-08
gene-b2477	3286.570914	3324.416821	2649.172642	2686.029174	-0.3110401937	3.499461858e-06
gene-b2485	1994.479449	1972.222735	1662.385404	1681.795313	-0.2627559201	0.008354827336
gene-b2487	5142.713708	5184.849935	867.7612541	862.9340274	-2.567145946	6.795615128e-08
gene-b2515	3413.613977	3435.315372	2722.549362	2782.457801	-0.3263406437	9.12664663e-07
gene-b2530	3823.239177	3714.746646	3129.270029	3006.550676	-0.2889684633	2.355659136e-06
gene-b2571	2834.630574	2698.944464	2332.991545	2353.894829	-0.2809785535	2.04071391e-05
gene-b2582	1271.209922	1242.380786	6829.736221	6033.693285	2.425618332	6.795615128e-08
gene-b2606	990.6409992	910.8444538	920.9712629	862.0534463	-0.1052050882	0.5608516966
gene-b2622	3862.852528	3800.77653	3098.855772	3142.688739	-0.3179300702	1.430853125e-07
gene-b2632	2497.625918	2426.784517	2057.261437	2055.218847	-0.2798310332	0.0003047989167
gene-b2675	6501.94083	6534.604343	5247.743639	5238.592942	-0.3091726532	6.795615128e-08
gene-b2676	2993.03315	2974.544066	2472.359472	2503.930781	-0.2757187219	0.0009209133943
gene-b2679	3086.813192	3215.181589	2482.426585	2474.17447	-0.3143659862	0.0002745107843
gene-b2707	2489.94514	2569.584604	1856.141358	1834.825462	-0.4238053918	3.293105908e-05
gene-b2712	6985.510979	6963.817444	5595.43205	5649.035881	-0.3201156042	6.795615128e-08
gene-b2738	1875.759881	1883.075589	1547.322945	1522.861686	-0.2776991896	0.01332051602
gene-b2739	2299.680264	2255.33513	1921.663142	1833.211608	-0.2590765947	0.0003749904091
gene-b2744	2230.199657	2182.515302	2004.900052	1964.694622	-0.1536418278	0.01793861287
gene-b2747	2076.893959	2043.852391	1759.030819	1804.76102	-0.2396455425	0.02226991131
gene-b2748	1018.393317	939.2478996	778.7074064	752.4350773	-0.3871372432	0.04112359406
gene-b2757	2104.174134	2117.258133	1849.430245	1648.364903	-0.1861722696	0.03371766894
gene-b2791	2373.574517	2385.05784	1974.91389	1990.666219	-0.2652703657	0.002798602191
gene-b4408	1083.105358	1054.938127	910.2929182	774.3290519	-0.250768296	0.09619629625
gene-b2819	5695.949624	5721.567775	15926.40615	15916.64476	1.483410835	6.795615128e-08
gene-b2831	2061.702834	2050.532347	6808.951417	6781.578552	1.723591357	6.795615128e-08
gene-b2837	3266.826048	3300.38231	2555.526847	2483.059988	-0.3542676594	2.355659136e-06
gene-b2879	4050.15699	4011.525033	3363.520159	3346.506918	-0.2680051982	8.597444818e-06
gene-b2887	5979.90053	5922.899767	4750.951831	4760.418725	-0.3319042831	6.795615128e-08
gene-b2906	3701.475274	3676.524805	2869.159836	2871.637513	-0.3674709204	1.430853125e-07
gene-b2907	3655.125377	3754.729055	3019.724797	2951.405399	-0.2755029882	7.57738106e-06
gene-b2939	747.6365134	688.0530761	126.6918814	114.0831053	-2.56091838	2.959753734e-07
gene-b2954	1735.300604	1745.846285	1493.625309	1475.145403	-0.2163659761	0.03851496043
gene-b2955	3422.047922	3422.484693	2874.029913	2832.19074	-0.2517840816	4.680403239e-05
gene-b2959	1160.437428	1137.44474	911.4694809	907.6458411	-0.3483990809	0.07643094558
gene-b2960	2293.044239	2241.500453	1885.180788	1799.654904	-0.282559944	0.0006219975867
gene-b2963	3429.343021	3425.753644	2531.333726	2494.11861	-0.4380330033	4.538972188e-07
gene-b4468	3358.215432	3311.938048	2536.715637	2508.63473	-0.4047315882	1.200888194e-06
gene-b2992	1562.366463	1514.672009	1219.725044	1257.332945	-0.3571743278	0.005115262023
gene-b2996	3109.013475	3106.019007	2491.054731	2465.440609	-0.319698999	3.293105908e-05
gene-b3020	4818.15813	4771.203078	3950.34052	3945.134687	-0.2865040661	1.657079293e-07
gene-b3023	1488.096727	1459.23186	1170.515489	1137.068647	-0.3463216495	0.001014098685
gene-b3034	2055.856456	1962.351075	1466.150673	1475.901412	-0.4877033399	1.104471212e-05
gene-b3043	1712.10228	1668.918278	1339.356604	1325.599885	-0.3542264155	0.00432018404
gene-b3061	2815.866201	2736.517616	2301.455339	2294.516399	-0.2910311927	9.747975903e-06
gene-b3067	5530.621416	5538.227496	4657.016733	4603.548078	-0.2480350346	7.947947909e-07
gene-b3077	1380.831199	1331.085589	1147.562835	1094.283653	-0.2669616914	0.02944088441
gene-b3080	7176.393936	7111.565937	5703.479067	5701.239123	-0.3314163497	6.795615128e-08
gene-b3090	1848.733643	1864.134269	1327.115056	1234.031685	-0.4782408634	9.277956785e-05
gene-b3095	1830.749854	1800.442133	1711.928938	1636.681238	-0.09681131678	0.1017286314
gene-b3096	1053.366359	1120.00168	902.2361665	890.0841133	-0.2234279724	0.1017286314
gene-b3105	2622.775629	2555.87703	2203.710556	2180.922125	-0.2511586017	0.001014098685
gene-b4470	4069.528991	4046.358248	3198.503924	3204.372411	-0.3474636074	1.57567422e-06
gene-b3114	6956.561084	6979.810391	5726.234081	5731.557277	-0.2807872057	6.795615128e-08
gene-b3118	2874.105392	2856.816303	2469.399049	2427.165803	-0.2189521519	0.0008357168217
gene-b3136	3656.974835	3614.717515	2813.880526	2861.859428	-0.3780884422	2.562945863e-07
gene-b3141	2328.640798	2316.800888	2063.287808	2025.189158	-0.1745422417	0.009786486727
gene-b3159	2631.419441	2617.386607	2164.333159	2123.53521	-0.2819174525	0.0003047989167
gene-b3169	4627.336816	4547.277267	3609.936408	3695.177859	-0.3582078124	1.234635015e-07
gene-b3175	1031.725646	926.0606852	882.3058792	864.3366568	-0.2257062125	0.2393237034
gene-b3193	1782.407086	1930.187089	1378.464028	1404.257517	-0.3707628817	0.003336179305
gene-b3202	4419.291484	4341.168365	3456.424142	3446.393411	-0.3545339179	1.430853125e-07
gene-b3203	1049.509892	1020.681668	3962.105842	3811.323602	1.916541551	1.234635015e-07
gene-b3209	1991.630458	1887.618794	1624.720956	1464.980622	-0.2937563898	0.002560615287
gene-b3220	3451.469009	3465.649149	2916.73442	2919.321372	-0.2428557348	2.59598404e-05
gene-b3232	3609.596635	3686.946331	2881.655493	2880.861545	-0.3249387493	5.873574096e-06
gene-b3239	895.6523069	891.2290651	653.251298	609.9438546	-0.4552947222	0.07204543047
gene-b3242	597.6469461	562.5451647	549.3767966	410.7550297	-0.1214953792	0.2616164679
gene-b3261	786.5791007	810.0664767	721.0235909	703.5615324	-0.1255437239	0.5792183523
gene-b3264	1966.021638	1972.208187	12112.98183	12202.90817	2.623196802	6.795615128e-08
gene-b3275	1.136397854	0	1.306356165	0	0.1994420761	0.8613511054
gene-b3284	1496.770088	1532.417594	1157.666782	1111.788822	-0.3706297556	0.0008357168217
gene-b3297	1199.290163	1081.442948	841.0561395	796.4366992	-0.5119016235	0.0003047989167
gene-b3333	3487.290706	3515.609686	2765.18831	2682.595993	-0.3347278222	9.747975903e-06
gene-b3339	0.8072489165	0	5.763028031	6.401465501	2.820480766	0.000526517906
gene-b3341	1539.282508	1543.478768	1389.15529	1348.013459	-0.1480491403	0.1805773768
gene-b3350	5597.141382	5610.554589	4552.676733	4528.135716	-0.2979745757	1.657079293e-07
gene-b3362	685.7107554	590.7947076	767.1638038	739.3290128	0.1619322679	0.3507022237
gene-b3404	4175.596255	4204.80969	3357.115754	3316.983412	-0.3147590976	5.873574096e-06
gene-b3411	2672.428895	2654.423361	2177.306644	2165.734009	-0.2956057292	6.67365143e-06
gene-b3434	1889.814071	1828.15936	172.6986015	172.9013747	-3.451840095	6.795615128e-08
gene-b3450	3445.952781	3492.664388	2755.012078	2717.203359	-0.3228432393	8.597444818e-06
gene-b3466	872.8077897	870.7300578	609.9540814	586.0316312	-0.5169562169	0.03851496043
gene-b3485	3541.59507	3712.697635	2811.164835	2868.275845	-0.333230162	6.67365143e-06
gene-b3497	2267.295689	2146.433556	1822.739427	1849.364512	-0.3148626678	0.0008357168217
gene-b3527	4567.659849	4653.851273	3679.861895	3674.021335	-0.3118028328	1.047274167e-06
gene-b3529	6244.752709	6126.98414	4877.652938	4857.905156	-0.356456686	9.172772712e-08
gene-b3532	7268.799614	7344.074101	5754.000737	5764.911078	-0.3371512055	6.795615128e-08
gene-b3539	3870.886887	3942.96758	3258.339612	3268.954074	-0.2485264683	1.57567422e-06
gene-b3543	3196.692883	3239.045054	2571.944939	2526.533848	-0.3137192923	2.061596204e-06
gene-b3550	1366.134443	1318.981715	1183.920707	1206.020347	-0.2065253838	0.119855566
gene-b3566	3044.379389	3041.292174	2381.483355	2336.639087	-0.3542863736	5.226885323e-07
gene-b3573	1471.984899	1484.338286	1129.914238	1160.123204	-0.3815466297	0.007113494036
gene-b3575	2968.150543	2965.79188	2465.052684	2494.295115	-0.2679447937	2.924864933e-05
gene-b3592	1874.765105	1916.72581	6711.117791	6716.00103	1.839837686	6.795615128e-08
gene-b3604	2253.129628	2187.634476	2014.970636	2005.209843	-0.1611707466	0.08103174924
gene-b3624	2923.065077	2798.512898	2151.427539	2120.554265	-0.442185928	7.57738106e-06
gene-b3634	1437.582961	1352.924219	1244.366926	1211.790009	-0.2082317004	0.06011064176
gene-b3637	712.7441922	622.7338218	577.3825947	514.6734533	-0.3038520151	0.1719297054
gene-b3643	2053.201276	2026.738758	232.7661324	238.9564793	-3.140867044	6.795615128e-08
gene-b3667	4097.778093	4066.483338	3224.636355	3212.731371	-0.3457044311	6.916583488e-07
gene-b3679	5390.4138	5483.236019	4335.502336	4366.025026	-0.3141962138	3.938805473e-07
gene-b3701	3255.448698	3308.177936	2820.404347	2771.533658	-0.2069537108	0.000460072727
gene-b3714	4139.399279	4158.835926	3172.352389	3122.788577	-0.383867316	1.657079293e-07
gene-b3715	2139.264981	2092.591882	1661.452376	1674.431372	-0.3646683147	0.0002745107843
gene-b3736	1508.015515	1545.222335	1123.183374	1073.376549	-0.4250545083	0.001227183034
gene-b3758	2.933608292	3.280872335	1.828923662	0	-0.6787241121	0.1404463444
gene-b3807	1053.045212	896.4093421	4896.111573	4521.158493	2.217058303	6.795615128e-08
gene-b3816	3012.284971	3039.486201	2206.763662	2226.120266	-0.448924382	1.917711952e-07
gene-b3831	2161.83904	2225.973825	1876.475774	1834.266605	-0.2042324318	0.007113494036
gene-b3836	991.8691004	1001.437462	190.1845451	211.373951	-2.382688412	6.795615128e-08
gene-b3839	2474.420186	2488.366964	633.4916672	642.6819267	-1.965676017	6.795615128e-08
gene-b4483	2563.817183	2599.310641	1994.330098	1939.350314	-0.3623875633	2.924864933e-05
gene-b3844	2154.958798	2182.934142	1634.021771	1614.626542	-0.399230946	0.0001443825593
gene-b3850	1701.005206	1760.637206	1331.009686	1394.887517	-0.353864128	0.006557192645
gene-b3854	1732.706355	1734.14169	1420.474405	1425.764989	-0.2866525116	1.064568984e-07
gene-b3858	769.0697246	720.5063148	911.4464261	761.3295038	0.2450405282	0.3369152384
gene-b3863	7087.60935	7032.163903	5672.519952	5685.73695	-0.3213088024	6.795615128e-08
gene-b3871	5661.788916	5692.710791	4454.442177	4452.563533	-0.3460124962	7.898033667e-08
gene-b3875	2275.134778	2212.980259	1701.072974	1634.828119	-0.4195048403	1.807447774e-05
gene-b3887	1460.683011	1533.457355	1077.746092	1047.749144	-0.438622286	0.0004155021525
gene-b3893	2771.593723	2759.612651	2134.344457	2085.765218	-0.376921212	5.873574096e-06
gene-b3894	7183.37168	7163.596129	5680.909406	5692.89216	-0.3385387376	6.795615128e-08
gene-b3897	5441.227977	5375.419408	4303.286856	4268.654919	-0.3384925614	1.234635015e-07
gene-b3898	3323.248799	3352.540694	13048.6476	13258.85311	1.973230843	6.795615128e-08
gene-b3919	2452.92931	2450.877158	1926.068726	1962.428716	-0.3488448673	3.705115971e-05
gene-b3923	1259.877269	1211.880604	958.8749535	949.522682	-0.3938650147	0.000460072727
gene-b3924	2249.853164	2286.685641	1948.521913	1910.261286	-0.2074496998	0.02226991131
gene-b3953	1056.569213	985.5424919	4846.844216	4254.577557	2.197647758	6.795615128e-08
gene-b3961	2858.578917	2905.111877	2270.190919	2145.20118	-0.332483181	4.680403239e-05
gene-b3980	1746.639371	1760.961631	7249.61637	7114.869534	2.053316619	6.795615128e-08
gene-b3982	1560.931234	1574.262747	1350.553907	1244.903287	-0.2088543156	0.05310312456
gene-b3991	2314.018271	2349.182563	1879.193992	1882.846204	-0.3002848076	0.0007578810699
gene-b4012	1289.412242	1253.579867	1191.542494	1209.380936	-0.1138822629	0.4569506197
gene-b4047	835.7406087	594.2292173	700.1705932	660.1779941	-0.2553454253	0.9892089048
gene-b4059	1638.643191	1617.576826	1275.536424	1189.292084	-0.361395143	0.003336179305
gene-b4061	5034.976733	5077.562331	3912.58495	3855.753123	-0.3638622133	6.795615128e-08
gene-b4064	4055.284593	4129.887274	3300.324582	3304.680103	-0.2971944319	5.873574096e-06
gene-b4111	4631.196976	4545.46129	25754.18048	25561.14469	2.475347053	6.795615128e-08
gene-b4128	928.9753122	789.2878021	761.1497919	747.2187285	-0.2874564333	0.4569506197
gene-b4132	4058.686724	4048.021485	624.335127	630.5592152	-2.700600891	6.795615128e-08
gene-b4138	4054.099178	3999.287013	3254.501006	3313.761768	-0.3169441484	2.562945863e-07
gene-b4143	5009.6034	4950.720954	3894.714407	3880.812657	-0.3631780264	1.234635015e-07
gene-b4147	1871.070875	1775.892639	1441.90256	1432.310941	-0.3758882386	0.00396623864
gene-b4157	1011.618902	883.1097766	665.7175319	677.2655524	-0.6036764213	0.003056629228
gene-b4171	2910.971632	2872.801193	2341.078482	2452.446342	-0.314326274	2.59598404e-05
gene-b4176	598.9621925	572.3003819	570.5811933	535.5578806	-0.07003154689	0.6948910199
gene-b4179	7063.921243	6975.385431	5720.801398	5675.694517	-0.3042515177	6.795615128e-08
gene-b4197	2793.844353	2801.538124	680.5007142	681.6115469	-2.037567032	6.795615128e-08
gene-b4233	4180.435553	4217.456444	3493.71519	3461.296519	-0.2588905804	2.924864933e-05
gene-b4241	2858.011562	2913.716262	2318.677881	2271.553279	-0.3017081693	3.069100922e-06
gene-b4293	1584.013049	1521.184585	1383.379552	1350.02237	-0.1953858619	0.07204543047
gene-b4295	3067.4124	2978.487713	2433.584028	2419.292943	-0.333938329	9.277956785e-05
gene-b4307	1558.323115	1547.982619	1363.329687	1332.575831	-0.1928585969	0.07204543047
gene-b4352	2967.15036	2931.908305	2330.972778	2277.151987	-0.3481445542	1.414879701e-05
gene-b4357	2921.383078	2942.990685	327.1494926	333.8988137	-3.158590452	6.795615128e-08
gene-b4371	3148.603132	3189.663271	17112.68025	17125.10162	2.442278171	6.795615128e-08
gene-b4372	1401.693219	1357.616832	1056.149248	941.382511	-0.4083535398	0.02390314587
gene-b4375	4874.667859	4794.622805	3970.565001	4029.582174	-0.295958935	6.795615128e-08
gene-b4389	4212.419476	4220.123111	3379.310459	3377.11095	-0.317919366	7.947947909e-07
gene-b4403	2031.594786	1905.412821	1770.277132	1757.234704	-0.1986364002	0.07643094558
